PROVIDER;DESCRIPTION;ACCOUNTID;REGION;ASSESSMENTDATE;REQUIREMENTS_ID;REQUIREMENTS_DESCRIPTION;REQUIREMENTS_ATTRIBUTES_SECTION;REQUIREMENTS_ATTRIBUTES_SUBSECTION;REQUIREMENTS_ATTRIBUTES_SUBGROUP;REQUIREMENTS_ATTRIBUTES_SERVICE;REQUIREMENTS_ATTRIBUTES_TYPE;STATUS;STATUSEXTENDED;RESOURCEID;CHECKID;MUTED;RESOURCENAME
aws;AWS Control Tower is a management and governance service that you can use to navigate through the setup process and governance requirements that are involved in creating a multi-account AWS environment.;556712931248;us-east-1;2025-07-17 15:56:06.890534;1.0.3;Checks whether EBS volumes that are in an attached state are encrypted;EBS checks;;;ebs;;FAIL;EBS Default Encryption is not activated.;arn:aws:ec2:us-east-1:556712931248:volume;ec2_ebs_default_encryption;False;556712931248
aws;AWS Control Tower is a management and governance service that you can use to navigate through the setup process and governance requirements that are involved in creating a multi-account AWS environment.;556712931248;us-east-1;2025-07-17 15:56:06.890534;1.0.3;Checks whether EBS volumes that are in an attached state are encrypted;EBS checks;;;ebs;;FAIL;EBS Snapshot vol-04861be550589b81f is unencrypted.;arn:aws:ec2:us-east-1:556712931248:volume/vol-04861be550589b81f;ec2_ebs_volume_encryption;False;vol-04861be550589b81f
aws;AWS Control Tower is a management and governance service that you can use to navigate through the setup process and governance requirements that are involved in creating a multi-account AWS environment.;556712931248;us-east-1;2025-07-17 15:56:06.890534;1.0.2;Checks whether EBS volumes are attached to EC2 instances;EBS checks;;;ebs;;FAIL;Snapshots not found for the EBS volume vol-04861be550589b81f.;arn:aws:ec2:us-east-1:556712931248:volume/vol-04861be550589b81f;ec2_ebs_volume_snapshots_exists;False;vol-04861be550589b81f
aws;AWS Control Tower is a management and governance service that you can use to navigate through the setup process and governance requirements that are involved in creating a multi-account AWS environment.;556712931248;us-east-1;2025-07-17 15:56:06.890534;2.0.2;Checks whether security groups that are in use disallow unrestricted incoming SSH traffic.;Disallow Internet Connection;;;vpc;;PASS;Security group launch-wizard-2 (sg-0d0c1cb7a1615f5c8) does not have SSH port 22 open to the Internet.;arn:aws:ec2:us-east-1:556712931248:security-group/sg-0d0c1cb7a1615f5c8;ec2_securitygroup_allow_ingress_from_internet_to_tcp_port_22;False;sg-0d0c1cb7a1615f5c8
aws;AWS Control Tower is a management and governance service that you can use to navigate through the setup process and governance requirements that are involved in creating a multi-account AWS environment.;556712931248;us-east-1;2025-07-17 15:56:06.890534;2.0.1;Checks whether security groups that are in use disallow unrestricted incoming TCP traffic to the specified;Disallow Internet Connection;;;vpc;;PASS;Security group launch-wizard-2 (sg-0d0c1cb7a1615f5c8) does not have Microsoft RDP port 3389 open to the Internet.;arn:aws:ec2:us-east-1:556712931248:security-group/sg-0d0c1cb7a1615f5c8;ec2_securitygroup_allow_ingress_from_internet_to_tcp_port_3389;False;sg-0d0c1cb7a1615f5c8
aws;AWS Control Tower is a management and governance service that you can use to navigate through the setup process and governance requirements that are involved in creating a multi-account AWS environment.;556712931248;us-east-1;2025-07-17 15:56:06.890534;3.0.3;Checks whether the root user of your AWS account requires multi-factor authentication for console sign-in.;Multi-Factor Authentication;;;iam;;FAIL;MFA is not enabled for root account.;arn:aws:iam::556712931248:mfa;iam_root_hardware_mfa_enabled;False;<root_account>
aws;AWS Control Tower is a management and governance service that you can use to navigate through the setup process and governance requirements that are involved in creating a multi-account AWS environment.;556712931248;us-east-1;2025-07-17 15:56:06.890534;3.0.1;Checks whether the AWS Identity and Access Management users have multi-factor authentication (MFA) enabled.;Multi-Factor Authentication;;;iam;;FAIL;MFA is not enabled for root account.;arn:aws:iam::556712931248:root;iam_root_mfa_enabled;False;<root_account>
aws;AWS Control Tower is a management and governance service that you can use to navigate through the setup process and governance requirements that are involved in creating a multi-account AWS environment.;556712931248;us-east-1;2025-07-17 15:56:06.890534;3.0.2;Checks whether AWS Multi-Factor Authentication (MFA) is enabled for all AWS Identity and Access Management (IAM) users that use a console password.;Multi-Factor Authentication;;;iam;;FAIL;MFA is not enabled for root account.;arn:aws:iam::556712931248:root;iam_root_mfa_enabled;False;<root_account>
aws;AWS Control Tower is a management and governance service that you can use to navigate through the setup process and governance requirements that are involved in creating a multi-account AWS environment.;556712931248;us-east-1;2025-07-17 15:56:06.890534;3.0.3;Checks whether the root user of your AWS account requires multi-factor authentication for console sign-in.;Multi-Factor Authentication;;;iam;;FAIL;MFA is not enabled for root account.;arn:aws:iam::556712931248:root;iam_root_mfa_enabled;False;<root_account>
aws;AWS Control Tower is a management and governance service that you can use to navigate through the setup process and governance requirements that are involved in creating a multi-account AWS environment.;556712931248;us-east-1;2025-07-17 15:56:06.890534;3.0.1;Checks whether the AWS Identity and Access Management users have multi-factor authentication (MFA) enabled.;Multi-Factor Authentication;;;iam;;FAIL;User cli-security-audit does not have any type of MFA enabled.;arn:aws:iam::556712931248:user/cli-security-audit;iam_user_hardware_mfa_enabled;False;cli-security-audit
aws;AWS Control Tower is a management and governance service that you can use to navigate through the setup process and governance requirements that are involved in creating a multi-account AWS environment.;556712931248;us-east-1;2025-07-17 15:56:06.890534;3.0.2;Checks whether AWS Multi-Factor Authentication (MFA) is enabled for all AWS Identity and Access Management (IAM) users that use a console password.;Multi-Factor Authentication;;;iam;;FAIL;User cli-security-audit does not have any type of MFA enabled.;arn:aws:iam::556712931248:user/cli-security-audit;iam_user_hardware_mfa_enabled;False;cli-security-audit
aws;AWS Control Tower is a management and governance service that you can use to navigate through the setup process and governance requirements that are involved in creating a multi-account AWS environment.;556712931248;us-east-1;2025-07-17 15:56:06.890534;3.0.1;Checks whether the AWS Identity and Access Management users have multi-factor authentication (MFA) enabled.;Multi-Factor Authentication;;;iam;;PASS;User cli-security-audit does not have Console Password enabled.;arn:aws:iam::556712931248:user/cli-security-audit;iam_user_mfa_enabled_console_access;False;cli-security-audit
aws;AWS Control Tower is a management and governance service that you can use to navigate through the setup process and governance requirements that are involved in creating a multi-account AWS environment.;556712931248;us-east-1;2025-07-17 15:56:06.890534;3.0.2;Checks whether AWS Multi-Factor Authentication (MFA) is enabled for all AWS Identity and Access Management (IAM) users that use a console password.;Multi-Factor Authentication;;;iam;;PASS;User cli-security-audit does not have Console Password enabled.;arn:aws:iam::556712931248:user/cli-security-audit;iam_user_mfa_enabled_console_access;False;cli-security-audit
aws;AWS Control Tower is a management and governance service that you can use to navigate through the setup process and governance requirements that are involved in creating a multi-account AWS environment.;556712931248;us-east-1;2025-07-17 15:56:06.890534;3.0.3;Checks whether the root user of your AWS account requires multi-factor authentication for console sign-in.;Multi-Factor Authentication;;;iam;;PASS;User cli-security-audit does not have Console Password enabled.;arn:aws:iam::556712931248:user/cli-security-audit;iam_user_mfa_enabled_console_access;False;cli-security-audit
aws;AWS Control Tower is a management and governance service that you can use to navigate through the setup process and governance requirements that are involved in creating a multi-account AWS environment.;556712931248;us-east-1;2025-07-17 15:56:06.890534;4.1.1;Checks that your S3 buckets do not allow public read access.;Disallow Public Access;;;s3;;FAIL;Block Public Access is not configured for the account 556712931248.;arn:aws:s3:us-east-1:556712931248:account;s3_account_level_public_access_blocks;False;556712931248
aws;AWS Control Tower is a management and governance service that you can use to navigate through the setup process and governance requirements that are involved in creating a multi-account AWS environment.;556712931248;us-east-1;2025-07-17 15:56:06.890534;5.1.1;Checks whether versioning is enabled for your S3 buckets.;Disallow Instances;;;s3;;FAIL;S3 Bucket shop-customer-data has versioning disabled.;arn:aws:s3:::shop-customer-data;s3_bucket_object_versioning;False;shop-customer-data
aws;AWS Control Tower is a management and governance service that you can use to navigate through the setup process and governance requirements that are involved in creating a multi-account AWS environment.;556712931248;us-east-1;2025-07-17 15:56:06.890534;4.1.2;Checks that your S3 buckets do not allow public write access.;Disallow Public Access;;;s3;;PASS;S3 Bucket shop-customer-data does not have a bucket policy.;arn:aws:s3:::shop-customer-data;s3_bucket_policy_public_write_access;False;shop-customer-data
aws;AWS Control Tower is a management and governance service that you can use to navigate through the setup process and governance requirements that are involved in creating a multi-account AWS environment.;556712931248;us-east-1;2025-07-17 15:56:06.890534;4.1.1;Checks that your S3 buckets do not allow public read access.;Disallow Public Access;;;s3;;PASS;S3 Bucket shop-customer-data is not public.;arn:aws:s3:::shop-customer-data;s3_bucket_public_access;False;shop-customer-data
aws;AWS Control Tower is a management and governance service that you can use to navigate through the setup process and governance requirements that are involved in creating a multi-account AWS environment.;556712931248;us-east-1;2025-07-17 15:56:06.890534;4.1.1;Checks that your S3 buckets do not allow public read access.;Disallow Public Access;;;s3;;PASS;S3 Bucket shop-customer-data is not publicly listable.;arn:aws:s3:::shop-customer-data;s3_bucket_public_list_acl;False;shop-customer-data
aws;AWS Control Tower is a management and governance service that you can use to navigate through the setup process and governance requirements that are involved in creating a multi-account AWS environment.;;;2025-07-17 15:56:06.890534;1.0.1;Checks whether EBS optimization is enabled for your EC2 instances that can be EBS-optimized;EBS checks;;;ebs;;MANUAL;Manual check;manual_check;manual;False;Manual check
