PROVIDER;DESCRIPTION;ACCOUNTID;REGION;ASSESSMENTDATE;REQUIREMENTS_ID;REQUIREMENTS_DESCRIPTION;REQUIREMENTS_ATTRIBUTES_SECTION;REQUIREMENTS_ATTRIBUTES_SUBSECTION;REQUIREMENTS_ATTRIBUTES_SUBGROUP;REQUIREMENTS_ATTRIBUTES_SERVICE;REQUIREMENTS_ATTRIBUTES_TYPE;STATUS;STATUSEXTENDED;RESOURCEID;CHECKID;MUTED;RESOURCENAME
aws;The Reserve Bank had prescribed a set of baseline cyber security controls for primary (Urban) cooperative banks (UCBs) in October 2018. On further examination, it has been decided to prescribe a comprehensive cyber security framework for the UCBs, as a graded approach, based on their digital depth and interconnectedness with the payment systems landscape, digital products offered by them and assessment of cyber security risk. The framework would mandate implementation of progressively stronger security measures based on the nature, variety and scale of digital product offerings of banks.;556712931248;ap-northeast-1;2025-07-17 15:56:06.890534;annex_i_7_4;Implement appropriate (e.g. centralised) systems and controls to allow, manage, log and monitor privileged/super user/administrative access to critical systems (servers/databases, applications, network devices etc.);;;;aws;;FAIL;No CloudTrail trails enabled with logging were found.;arn:aws:cloudtrail:ap-northeast-1:556712931248:trail;cloudtrail_multi_region_enabled;False;556712931248
aws;The Reserve Bank had prescribed a set of baseline cyber security controls for primary (Urban) cooperative banks (UCBs) in October 2018. On further examination, it has been decided to prescribe a comprehensive cyber security framework for the UCBs, as a graded approach, based on their digital depth and interconnectedness with the payment systems landscape, digital products offered by them and assessment of cyber security risk. The framework would mandate implementation of progressively stronger security measures based on the nature, variety and scale of digital product offerings of banks.;556712931248;ap-northeast-2;2025-07-17 15:56:06.890534;annex_i_7_4;Implement appropriate (e.g. centralised) systems and controls to allow, manage, log and monitor privileged/super user/administrative access to critical systems (servers/databases, applications, network devices etc.);;;;aws;;FAIL;No CloudTrail trails enabled with logging were found.;arn:aws:cloudtrail:ap-northeast-2:556712931248:trail;cloudtrail_multi_region_enabled;False;556712931248
aws;The Reserve Bank had prescribed a set of baseline cyber security controls for primary (Urban) cooperative banks (UCBs) in October 2018. On further examination, it has been decided to prescribe a comprehensive cyber security framework for the UCBs, as a graded approach, based on their digital depth and interconnectedness with the payment systems landscape, digital products offered by them and assessment of cyber security risk. The framework would mandate implementation of progressively stronger security measures based on the nature, variety and scale of digital product offerings of banks.;556712931248;ap-northeast-3;2025-07-17 15:56:06.890534;annex_i_7_4;Implement appropriate (e.g. centralised) systems and controls to allow, manage, log and monitor privileged/super user/administrative access to critical systems (servers/databases, applications, network devices etc.);;;;aws;;FAIL;No CloudTrail trails enabled with logging were found.;arn:aws:cloudtrail:ap-northeast-3:556712931248:trail;cloudtrail_multi_region_enabled;False;556712931248
aws;The Reserve Bank had prescribed a set of baseline cyber security controls for primary (Urban) cooperative banks (UCBs) in October 2018. On further examination, it has been decided to prescribe a comprehensive cyber security framework for the UCBs, as a graded approach, based on their digital depth and interconnectedness with the payment systems landscape, digital products offered by them and assessment of cyber security risk. The framework would mandate implementation of progressively stronger security measures based on the nature, variety and scale of digital product offerings of banks.;556712931248;ap-south-1;2025-07-17 15:56:06.890534;annex_i_7_4;Implement appropriate (e.g. centralised) systems and controls to allow, manage, log and monitor privileged/super user/administrative access to critical systems (servers/databases, applications, network devices etc.);;;;aws;;FAIL;No CloudTrail trails enabled with logging were found.;arn:aws:cloudtrail:ap-south-1:556712931248:trail;cloudtrail_multi_region_enabled;False;556712931248
aws;The Reserve Bank had prescribed a set of baseline cyber security controls for primary (Urban) cooperative banks (UCBs) in October 2018. On further examination, it has been decided to prescribe a comprehensive cyber security framework for the UCBs, as a graded approach, based on their digital depth and interconnectedness with the payment systems landscape, digital products offered by them and assessment of cyber security risk. The framework would mandate implementation of progressively stronger security measures based on the nature, variety and scale of digital product offerings of banks.;556712931248;ap-southeast-1;2025-07-17 15:56:06.890534;annex_i_7_4;Implement appropriate (e.g. centralised) systems and controls to allow, manage, log and monitor privileged/super user/administrative access to critical systems (servers/databases, applications, network devices etc.);;;;aws;;FAIL;No CloudTrail trails enabled with logging were found.;arn:aws:cloudtrail:ap-southeast-1:556712931248:trail;cloudtrail_multi_region_enabled;False;556712931248
aws;The Reserve Bank had prescribed a set of baseline cyber security controls for primary (Urban) cooperative banks (UCBs) in October 2018. On further examination, it has been decided to prescribe a comprehensive cyber security framework for the UCBs, as a graded approach, based on their digital depth and interconnectedness with the payment systems landscape, digital products offered by them and assessment of cyber security risk. The framework would mandate implementation of progressively stronger security measures based on the nature, variety and scale of digital product offerings of banks.;556712931248;ap-southeast-2;2025-07-17 15:56:06.890534;annex_i_7_4;Implement appropriate (e.g. centralised) systems and controls to allow, manage, log and monitor privileged/super user/administrative access to critical systems (servers/databases, applications, network devices etc.);;;;aws;;FAIL;No CloudTrail trails enabled with logging were found.;arn:aws:cloudtrail:ap-southeast-2:556712931248:trail;cloudtrail_multi_region_enabled;False;556712931248
aws;The Reserve Bank had prescribed a set of baseline cyber security controls for primary (Urban) cooperative banks (UCBs) in October 2018. On further examination, it has been decided to prescribe a comprehensive cyber security framework for the UCBs, as a graded approach, based on their digital depth and interconnectedness with the payment systems landscape, digital products offered by them and assessment of cyber security risk. The framework would mandate implementation of progressively stronger security measures based on the nature, variety and scale of digital product offerings of banks.;556712931248;ca-central-1;2025-07-17 15:56:06.890534;annex_i_7_4;Implement appropriate (e.g. centralised) systems and controls to allow, manage, log and monitor privileged/super user/administrative access to critical systems (servers/databases, applications, network devices etc.);;;;aws;;FAIL;No CloudTrail trails enabled with logging were found.;arn:aws:cloudtrail:ca-central-1:556712931248:trail;cloudtrail_multi_region_enabled;False;556712931248
aws;The Reserve Bank had prescribed a set of baseline cyber security controls for primary (Urban) cooperative banks (UCBs) in October 2018. On further examination, it has been decided to prescribe a comprehensive cyber security framework for the UCBs, as a graded approach, based on their digital depth and interconnectedness with the payment systems landscape, digital products offered by them and assessment of cyber security risk. The framework would mandate implementation of progressively stronger security measures based on the nature, variety and scale of digital product offerings of banks.;556712931248;eu-central-1;2025-07-17 15:56:06.890534;annex_i_7_4;Implement appropriate (e.g. centralised) systems and controls to allow, manage, log and monitor privileged/super user/administrative access to critical systems (servers/databases, applications, network devices etc.);;;;aws;;FAIL;No CloudTrail trails enabled with logging were found.;arn:aws:cloudtrail:eu-central-1:556712931248:trail;cloudtrail_multi_region_enabled;False;556712931248
aws;The Reserve Bank had prescribed a set of baseline cyber security controls for primary (Urban) cooperative banks (UCBs) in October 2018. On further examination, it has been decided to prescribe a comprehensive cyber security framework for the UCBs, as a graded approach, based on their digital depth and interconnectedness with the payment systems landscape, digital products offered by them and assessment of cyber security risk. The framework would mandate implementation of progressively stronger security measures based on the nature, variety and scale of digital product offerings of banks.;556712931248;eu-north-1;2025-07-17 15:56:06.890534;annex_i_7_4;Implement appropriate (e.g. centralised) systems and controls to allow, manage, log and monitor privileged/super user/administrative access to critical systems (servers/databases, applications, network devices etc.);;;;aws;;FAIL;No CloudTrail trails enabled with logging were found.;arn:aws:cloudtrail:eu-north-1:556712931248:trail;cloudtrail_multi_region_enabled;False;556712931248
aws;The Reserve Bank had prescribed a set of baseline cyber security controls for primary (Urban) cooperative banks (UCBs) in October 2018. On further examination, it has been decided to prescribe a comprehensive cyber security framework for the UCBs, as a graded approach, based on their digital depth and interconnectedness with the payment systems landscape, digital products offered by them and assessment of cyber security risk. The framework would mandate implementation of progressively stronger security measures based on the nature, variety and scale of digital product offerings of banks.;556712931248;eu-west-1;2025-07-17 15:56:06.890534;annex_i_7_4;Implement appropriate (e.g. centralised) systems and controls to allow, manage, log and monitor privileged/super user/administrative access to critical systems (servers/databases, applications, network devices etc.);;;;aws;;FAIL;No CloudTrail trails enabled with logging were found.;arn:aws:cloudtrail:eu-west-1:556712931248:trail;cloudtrail_multi_region_enabled;False;556712931248
aws;The Reserve Bank had prescribed a set of baseline cyber security controls for primary (Urban) cooperative banks (UCBs) in October 2018. On further examination, it has been decided to prescribe a comprehensive cyber security framework for the UCBs, as a graded approach, based on their digital depth and interconnectedness with the payment systems landscape, digital products offered by them and assessment of cyber security risk. The framework would mandate implementation of progressively stronger security measures based on the nature, variety and scale of digital product offerings of banks.;556712931248;eu-west-2;2025-07-17 15:56:06.890534;annex_i_7_4;Implement appropriate (e.g. centralised) systems and controls to allow, manage, log and monitor privileged/super user/administrative access to critical systems (servers/databases, applications, network devices etc.);;;;aws;;FAIL;No CloudTrail trails enabled with logging were found.;arn:aws:cloudtrail:eu-west-2:556712931248:trail;cloudtrail_multi_region_enabled;False;556712931248
aws;The Reserve Bank had prescribed a set of baseline cyber security controls for primary (Urban) cooperative banks (UCBs) in October 2018. On further examination, it has been decided to prescribe a comprehensive cyber security framework for the UCBs, as a graded approach, based on their digital depth and interconnectedness with the payment systems landscape, digital products offered by them and assessment of cyber security risk. The framework would mandate implementation of progressively stronger security measures based on the nature, variety and scale of digital product offerings of banks.;556712931248;eu-west-3;2025-07-17 15:56:06.890534;annex_i_7_4;Implement appropriate (e.g. centralised) systems and controls to allow, manage, log and monitor privileged/super user/administrative access to critical systems (servers/databases, applications, network devices etc.);;;;aws;;FAIL;No CloudTrail trails enabled with logging were found.;arn:aws:cloudtrail:eu-west-3:556712931248:trail;cloudtrail_multi_region_enabled;False;556712931248
aws;The Reserve Bank had prescribed a set of baseline cyber security controls for primary (Urban) cooperative banks (UCBs) in October 2018. On further examination, it has been decided to prescribe a comprehensive cyber security framework for the UCBs, as a graded approach, based on their digital depth and interconnectedness with the payment systems landscape, digital products offered by them and assessment of cyber security risk. The framework would mandate implementation of progressively stronger security measures based on the nature, variety and scale of digital product offerings of banks.;556712931248;sa-east-1;2025-07-17 15:56:06.890534;annex_i_7_4;Implement appropriate (e.g. centralised) systems and controls to allow, manage, log and monitor privileged/super user/administrative access to critical systems (servers/databases, applications, network devices etc.);;;;aws;;FAIL;No CloudTrail trails enabled with logging were found.;arn:aws:cloudtrail:sa-east-1:556712931248:trail;cloudtrail_multi_region_enabled;False;556712931248
aws;The Reserve Bank had prescribed a set of baseline cyber security controls for primary (Urban) cooperative banks (UCBs) in October 2018. On further examination, it has been decided to prescribe a comprehensive cyber security framework for the UCBs, as a graded approach, based on their digital depth and interconnectedness with the payment systems landscape, digital products offered by them and assessment of cyber security risk. The framework would mandate implementation of progressively stronger security measures based on the nature, variety and scale of digital product offerings of banks.;556712931248;us-east-1;2025-07-17 15:56:06.890534;annex_i_7_4;Implement appropriate (e.g. centralised) systems and controls to allow, manage, log and monitor privileged/super user/administrative access to critical systems (servers/databases, applications, network devices etc.);;;;aws;;FAIL;No CloudTrail trails enabled with logging were found.;arn:aws:cloudtrail:us-east-1:556712931248:trail;cloudtrail_multi_region_enabled;False;556712931248
aws;The Reserve Bank had prescribed a set of baseline cyber security controls for primary (Urban) cooperative banks (UCBs) in October 2018. On further examination, it has been decided to prescribe a comprehensive cyber security framework for the UCBs, as a graded approach, based on their digital depth and interconnectedness with the payment systems landscape, digital products offered by them and assessment of cyber security risk. The framework would mandate implementation of progressively stronger security measures based on the nature, variety and scale of digital product offerings of banks.;556712931248;us-east-2;2025-07-17 15:56:06.890534;annex_i_7_4;Implement appropriate (e.g. centralised) systems and controls to allow, manage, log and monitor privileged/super user/administrative access to critical systems (servers/databases, applications, network devices etc.);;;;aws;;FAIL;No CloudTrail trails enabled with logging were found.;arn:aws:cloudtrail:us-east-2:556712931248:trail;cloudtrail_multi_region_enabled;False;556712931248
aws;The Reserve Bank had prescribed a set of baseline cyber security controls for primary (Urban) cooperative banks (UCBs) in October 2018. On further examination, it has been decided to prescribe a comprehensive cyber security framework for the UCBs, as a graded approach, based on their digital depth and interconnectedness with the payment systems landscape, digital products offered by them and assessment of cyber security risk. The framework would mandate implementation of progressively stronger security measures based on the nature, variety and scale of digital product offerings of banks.;556712931248;us-west-1;2025-07-17 15:56:06.890534;annex_i_7_4;Implement appropriate (e.g. centralised) systems and controls to allow, manage, log and monitor privileged/super user/administrative access to critical systems (servers/databases, applications, network devices etc.);;;;aws;;FAIL;No CloudTrail trails enabled with logging were found.;arn:aws:cloudtrail:us-west-1:556712931248:trail;cloudtrail_multi_region_enabled;False;556712931248
aws;The Reserve Bank had prescribed a set of baseline cyber security controls for primary (Urban) cooperative banks (UCBs) in October 2018. On further examination, it has been decided to prescribe a comprehensive cyber security framework for the UCBs, as a graded approach, based on their digital depth and interconnectedness with the payment systems landscape, digital products offered by them and assessment of cyber security risk. The framework would mandate implementation of progressively stronger security measures based on the nature, variety and scale of digital product offerings of banks.;556712931248;us-west-2;2025-07-17 15:56:06.890534;annex_i_7_4;Implement appropriate (e.g. centralised) systems and controls to allow, manage, log and monitor privileged/super user/administrative access to critical systems (servers/databases, applications, network devices etc.);;;;aws;;FAIL;No CloudTrail trails enabled with logging were found.;arn:aws:cloudtrail:us-west-2:556712931248:trail;cloudtrail_multi_region_enabled;False;556712931248
aws;The Reserve Bank had prescribed a set of baseline cyber security controls for primary (Urban) cooperative banks (UCBs) in October 2018. On further examination, it has been decided to prescribe a comprehensive cyber security framework for the UCBs, as a graded approach, based on their digital depth and interconnectedness with the payment systems landscape, digital products offered by them and assessment of cyber security risk. The framework would mandate implementation of progressively stronger security measures based on the nature, variety and scale of digital product offerings of banks.;556712931248;us-east-1;2025-07-17 15:56:06.890534;annex_i_7_4;Implement appropriate (e.g. centralised) systems and controls to allow, manage, log and monitor privileged/super user/administrative access to critical systems (servers/databases, applications, network devices etc.);;;;aws;;FAIL;No CloudTrail trails have a data event to record all S3 object-level API operations.;arn:aws:cloudtrail:us-east-1:556712931248:trail;cloudtrail_s3_dataevents_read_enabled;False;556712931248
aws;The Reserve Bank had prescribed a set of baseline cyber security controls for primary (Urban) cooperative banks (UCBs) in October 2018. On further examination, it has been decided to prescribe a comprehensive cyber security framework for the UCBs, as a graded approach, based on their digital depth and interconnectedness with the payment systems landscape, digital products offered by them and assessment of cyber security risk. The framework would mandate implementation of progressively stronger security measures based on the nature, variety and scale of digital product offerings of banks.;556712931248;us-east-1;2025-07-17 15:56:06.890534;annex_i_7_4;Implement appropriate (e.g. centralised) systems and controls to allow, manage, log and monitor privileged/super user/administrative access to critical systems (servers/databases, applications, network devices etc.);;;;aws;;FAIL;No CloudTrail trails have a data event to record all S3 object-level API operations.;arn:aws:cloudtrail:us-east-1:556712931248:trail;cloudtrail_s3_dataevents_write_enabled;False;556712931248
aws;The Reserve Bank had prescribed a set of baseline cyber security controls for primary (Urban) cooperative banks (UCBs) in October 2018. On further examination, it has been decided to prescribe a comprehensive cyber security framework for the UCBs, as a graded approach, based on their digital depth and interconnectedness with the payment systems landscape, digital products offered by them and assessment of cyber security risk. The framework would mandate implementation of progressively stronger security measures based on the nature, variety and scale of digital product offerings of banks.;556712931248;us-east-1;2025-07-17 15:56:06.890534;annex_i_1_3;Appropriately manage and provide protection within and outside UCB/network, keeping in mind how the data/information is stored, transmitted, processed, accessed and put to use within/outside the UCB’s network, and level of risk they are exposed to depending on the sensitivity of the data/information.;;;;aws;;FAIL;EBS Default Encryption is not activated.;arn:aws:ec2:us-east-1:556712931248:volume;ec2_ebs_default_encryption;False;556712931248
aws;The Reserve Bank had prescribed a set of baseline cyber security controls for primary (Urban) cooperative banks (UCBs) in October 2018. On further examination, it has been decided to prescribe a comprehensive cyber security framework for the UCBs, as a graded approach, based on their digital depth and interconnectedness with the payment systems landscape, digital products offered by them and assessment of cyber security risk. The framework would mandate implementation of progressively stronger security measures based on the nature, variety and scale of digital product offerings of banks.;556712931248;us-east-1;2025-07-17 15:56:06.890534;annex_i_1_3;Appropriately manage and provide protection within and outside UCB/network, keeping in mind how the data/information is stored, transmitted, processed, accessed and put to use within/outside the UCB’s network, and level of risk they are exposed to depending on the sensitivity of the data/information.;;;;aws;;FAIL;EBS Snapshot vol-04861be550589b81f is unencrypted.;arn:aws:ec2:us-east-1:556712931248:volume/vol-04861be550589b81f;ec2_ebs_volume_encryption;False;vol-04861be550589b81f
aws;The Reserve Bank had prescribed a set of baseline cyber security controls for primary (Urban) cooperative banks (UCBs) in October 2018. On further examination, it has been decided to prescribe a comprehensive cyber security framework for the UCBs, as a graded approach, based on their digital depth and interconnectedness with the payment systems landscape, digital products offered by them and assessment of cyber security risk. The framework would mandate implementation of progressively stronger security measures based on the nature, variety and scale of digital product offerings of banks.;556712931248;us-east-1;2025-07-17 15:56:06.890534;annex_i_1_1;UCBs should maintain an up-to-date business IT Asset Inventory Register containing the following fields, as a minimum: a) Details of the IT Asset (viz., hardware/software/network devices, key personnel, services, etc.), b. Details of systems where customer data are stored, c. Associated business applications, if any, d. Criticality of the IT asset (For example, High/Medium/Low).;;;;aws;;PASS;EC2 Instance i-0aa9e071ef2618378 is unmanaged by Systems Manager because it is terminated.;arn:aws:ec2:us-east-1:556712931248:instance/i-0aa9e071ef2618378;ec2_instance_managed_by_ssm;False;i-0aa9e071ef2618378
aws;The Reserve Bank had prescribed a set of baseline cyber security controls for primary (Urban) cooperative banks (UCBs) in October 2018. On further examination, it has been decided to prescribe a comprehensive cyber security framework for the UCBs, as a graded approach, based on their digital depth and interconnectedness with the payment systems landscape, digital products offered by them and assessment of cyber security risk. The framework would mandate implementation of progressively stronger security measures based on the nature, variety and scale of digital product offerings of banks.;556712931248;us-east-1;2025-07-17 15:56:06.890534;annex_i_1_1;UCBs should maintain an up-to-date business IT Asset Inventory Register containing the following fields, as a minimum: a) Details of the IT Asset (viz., hardware/software/network devices, key personnel, services, etc.), b. Details of systems where customer data are stored, c. Associated business applications, if any, d. Criticality of the IT asset (For example, High/Medium/Low).;;;;aws;;FAIL;EC2 Instance i-04a500c34fce21170 is not managed by Systems Manager.;arn:aws:ec2:us-east-1:556712931248:instance/i-04a500c34fce21170;ec2_instance_managed_by_ssm;False;i-04a500c34fce21170
aws;The Reserve Bank had prescribed a set of baseline cyber security controls for primary (Urban) cooperative banks (UCBs) in October 2018. On further examination, it has been decided to prescribe a comprehensive cyber security framework for the UCBs, as a graded approach, based on their digital depth and interconnectedness with the payment systems landscape, digital products offered by them and assessment of cyber security risk. The framework would mandate implementation of progressively stronger security measures based on the nature, variety and scale of digital product offerings of banks.;556712931248;us-east-1;2025-07-17 15:56:06.890534;annex_i_1_3;Appropriately manage and provide protection within and outside UCB/network, keeping in mind how the data/information is stored, transmitted, processed, accessed and put to use within/outside the UCB’s network, and level of risk they are exposed to depending on the sensitivity of the data/information.;;;;aws;;FAIL;EC2 Instance i-04a500c34fce21170 has a Public IP: 34.239.126.18 (ec2-34-239-126-18.compute-1.amazonaws.com).;arn:aws:ec2:us-east-1:556712931248:instance/i-04a500c34fce21170;ec2_instance_public_ip;False;i-04a500c34fce21170
aws;The Reserve Bank had prescribed a set of baseline cyber security controls for primary (Urban) cooperative banks (UCBs) in October 2018. On further examination, it has been decided to prescribe a comprehensive cyber security framework for the UCBs, as a graded approach, based on their digital depth and interconnectedness with the payment systems landscape, digital products offered by them and assessment of cyber security risk. The framework would mandate implementation of progressively stronger security measures based on the nature, variety and scale of digital product offerings of banks.;556712931248;us-east-1;2025-07-17 15:56:06.890534;annex_i_1_3;Appropriately manage and provide protection within and outside UCB/network, keeping in mind how the data/information is stored, transmitted, processed, accessed and put to use within/outside the UCB’s network, and level of risk they are exposed to depending on the sensitivity of the data/information.;;;;aws;;FAIL;Network ACL acl-09391fb856ec64b2c has every port open to the Internet.;arn:aws:ec2:us-east-1:556712931248:network-acl/acl-09391fb856ec64b2c;ec2_networkacl_allow_ingress_any_port;False;acl-09391fb856ec64b2c
aws;The Reserve Bank had prescribed a set of baseline cyber security controls for primary (Urban) cooperative banks (UCBs) in October 2018. On further examination, it has been decided to prescribe a comprehensive cyber security framework for the UCBs, as a graded approach, based on their digital depth and interconnectedness with the payment systems landscape, digital products offered by them and assessment of cyber security risk. The framework would mandate implementation of progressively stronger security measures based on the nature, variety and scale of digital product offerings of banks.;556712931248;us-east-1;2025-07-17 15:56:06.890534;annex_i_5_1;The firewall configurations should be set to the highest security level and evaluation of critical device (such as firewall, network switches, security devices, etc.) configurations should be done periodically.;;;;aws;;FAIL;Network ACL acl-09391fb856ec64b2c has every port open to the Internet.;arn:aws:ec2:us-east-1:556712931248:network-acl/acl-09391fb856ec64b2c;ec2_networkacl_allow_ingress_any_port;False;acl-09391fb856ec64b2c
aws;The Reserve Bank had prescribed a set of baseline cyber security controls for primary (Urban) cooperative banks (UCBs) in October 2018. On further examination, it has been decided to prescribe a comprehensive cyber security framework for the UCBs, as a graded approach, based on their digital depth and interconnectedness with the payment systems landscape, digital products offered by them and assessment of cyber security risk. The framework would mandate implementation of progressively stronger security measures based on the nature, variety and scale of digital product offerings of banks.;556712931248;us-east-1;2025-07-17 15:56:06.890534;annex_i_1_3;Appropriately manage and provide protection within and outside UCB/network, keeping in mind how the data/information is stored, transmitted, processed, accessed and put to use within/outside the UCB’s network, and level of risk they are exposed to depending on the sensitivity of the data/information.;;;;aws;;PASS;Security group launch-wizard-2 (sg-0d0c1cb7a1615f5c8) does not have FTP ports 20 and 21 open to the Internet.;arn:aws:ec2:us-east-1:556712931248:security-group/sg-0d0c1cb7a1615f5c8;ec2_securitygroup_allow_ingress_from_internet_to_tcp_ftp_port_20_21;False;sg-0d0c1cb7a1615f5c8
aws;The Reserve Bank had prescribed a set of baseline cyber security controls for primary (Urban) cooperative banks (UCBs) in October 2018. On further examination, it has been decided to prescribe a comprehensive cyber security framework for the UCBs, as a graded approach, based on their digital depth and interconnectedness with the payment systems landscape, digital products offered by them and assessment of cyber security risk. The framework would mandate implementation of progressively stronger security measures based on the nature, variety and scale of digital product offerings of banks.;556712931248;us-east-1;2025-07-17 15:56:06.890534;annex_i_5_1;The firewall configurations should be set to the highest security level and evaluation of critical device (such as firewall, network switches, security devices, etc.) configurations should be done periodically.;;;;aws;;PASS;Security group launch-wizard-2 (sg-0d0c1cb7a1615f5c8) does not have SSH port 22 open to the Internet.;arn:aws:ec2:us-east-1:556712931248:security-group/sg-0d0c1cb7a1615f5c8;ec2_securitygroup_allow_ingress_from_internet_to_tcp_port_22;False;sg-0d0c1cb7a1615f5c8
aws;The Reserve Bank had prescribed a set of baseline cyber security controls for primary (Urban) cooperative banks (UCBs) in October 2018. On further examination, it has been decided to prescribe a comprehensive cyber security framework for the UCBs, as a graded approach, based on their digital depth and interconnectedness with the payment systems landscape, digital products offered by them and assessment of cyber security risk. The framework would mandate implementation of progressively stronger security measures based on the nature, variety and scale of digital product offerings of banks.;556712931248;us-east-1;2025-07-17 15:56:06.890534;annex_i_7_3;Remote Desktop Protocol (RDP) which allows others to access the computer remotely over a network or over the internet should be always disabled and should be enabled only with the approval of the authorised officer of the UCB. Logs for such remote access shall be enabled and monitored for suspicious activities.;;;;vpc;;PASS;Security group launch-wizard-2 (sg-0d0c1cb7a1615f5c8) does not have SSH port 22 open to the Internet.;arn:aws:ec2:us-east-1:556712931248:security-group/sg-0d0c1cb7a1615f5c8;ec2_securitygroup_allow_ingress_from_internet_to_tcp_port_22;False;sg-0d0c1cb7a1615f5c8
aws;The Reserve Bank had prescribed a set of baseline cyber security controls for primary (Urban) cooperative banks (UCBs) in October 2018. On further examination, it has been decided to prescribe a comprehensive cyber security framework for the UCBs, as a graded approach, based on their digital depth and interconnectedness with the payment systems landscape, digital products offered by them and assessment of cyber security risk. The framework would mandate implementation of progressively stronger security measures based on the nature, variety and scale of digital product offerings of banks.;556712931248;us-east-1;2025-07-17 15:56:06.890534;annex_i_1_3;Appropriately manage and provide protection within and outside UCB/network, keeping in mind how the data/information is stored, transmitted, processed, accessed and put to use within/outside the UCB’s network, and level of risk they are exposed to depending on the sensitivity of the data/information.;;;;aws;;PASS;Security group launch-wizard-2 (sg-0d0c1cb7a1615f5c8) does not have Microsoft RDP port 3389 open to the Internet.;arn:aws:ec2:us-east-1:556712931248:security-group/sg-0d0c1cb7a1615f5c8;ec2_securitygroup_allow_ingress_from_internet_to_tcp_port_3389;False;sg-0d0c1cb7a1615f5c8
aws;The Reserve Bank had prescribed a set of baseline cyber security controls for primary (Urban) cooperative banks (UCBs) in October 2018. On further examination, it has been decided to prescribe a comprehensive cyber security framework for the UCBs, as a graded approach, based on their digital depth and interconnectedness with the payment systems landscape, digital products offered by them and assessment of cyber security risk. The framework would mandate implementation of progressively stronger security measures based on the nature, variety and scale of digital product offerings of banks.;556712931248;us-east-1;2025-07-17 15:56:06.890534;annex_i_1_3;Appropriately manage and provide protection within and outside UCB/network, keeping in mind how the data/information is stored, transmitted, processed, accessed and put to use within/outside the UCB’s network, and level of risk they are exposed to depending on the sensitivity of the data/information.;;;;aws;;PASS;Security group launch-wizard-2 (sg-0d0c1cb7a1615f5c8) does not have MySQL port 3306 open to the Internet.;arn:aws:ec2:us-east-1:556712931248:security-group/sg-0d0c1cb7a1615f5c8;ec2_securitygroup_allow_ingress_from_internet_to_tcp_port_mysql_3306;False;sg-0d0c1cb7a1615f5c8
aws;The Reserve Bank had prescribed a set of baseline cyber security controls for primary (Urban) cooperative banks (UCBs) in October 2018. On further examination, it has been decided to prescribe a comprehensive cyber security framework for the UCBs, as a graded approach, based on their digital depth and interconnectedness with the payment systems landscape, digital products offered by them and assessment of cyber security risk. The framework would mandate implementation of progressively stronger security measures based on the nature, variety and scale of digital product offerings of banks.;556712931248;us-east-1;2025-07-17 15:56:06.890534;annex_i_7_1;Disallow administrative rights on end-user workstations/PCs/laptops and provide access rights on a ‘need to know’ and ‘need to do’ basis.;;;;iam;;PASS;AWS policy AWSTrustedAdvisorServiceRolePolicy is attached but does not allow '*:*' administrative privileges.;arn:aws:iam::aws:policy/aws-service-role/AWSTrustedAdvisorServiceRolePolicy;iam_aws_attached_policy_no_administrative_privileges;False;AWSTrustedAdvisorServiceRolePolicy
aws;The Reserve Bank had prescribed a set of baseline cyber security controls for primary (Urban) cooperative banks (UCBs) in October 2018. On further examination, it has been decided to prescribe a comprehensive cyber security framework for the UCBs, as a graded approach, based on their digital depth and interconnectedness with the payment systems landscape, digital products offered by them and assessment of cyber security risk. The framework would mandate implementation of progressively stronger security measures based on the nature, variety and scale of digital product offerings of banks.;556712931248;us-east-1;2025-07-17 15:56:06.890534;annex_i_7_1;Disallow administrative rights on end-user workstations/PCs/laptops and provide access rights on a ‘need to know’ and ‘need to do’ basis.;;;;iam;;PASS;AWS policy AWSSupportServiceRolePolicy is attached but does not allow '*:*' administrative privileges.;arn:aws:iam::aws:policy/aws-service-role/AWSSupportServiceRolePolicy;iam_aws_attached_policy_no_administrative_privileges;False;AWSSupportServiceRolePolicy
aws;The Reserve Bank had prescribed a set of baseline cyber security controls for primary (Urban) cooperative banks (UCBs) in October 2018. On further examination, it has been decided to prescribe a comprehensive cyber security framework for the UCBs, as a graded approach, based on their digital depth and interconnectedness with the payment systems landscape, digital products offered by them and assessment of cyber security risk. The framework would mandate implementation of progressively stronger security measures based on the nature, variety and scale of digital product offerings of banks.;556712931248;us-east-1;2025-07-17 15:56:06.890534;annex_i_7_1;Disallow administrative rights on end-user workstations/PCs/laptops and provide access rights on a ‘need to know’ and ‘need to do’ basis.;;;;iam;;PASS;AWS policy SecurityAudit is attached but does not allow '*:*' administrative privileges.;arn:aws:iam::aws:policy/SecurityAudit;iam_aws_attached_policy_no_administrative_privileges;False;SecurityAudit
aws;The Reserve Bank had prescribed a set of baseline cyber security controls for primary (Urban) cooperative banks (UCBs) in October 2018. On further examination, it has been decided to prescribe a comprehensive cyber security framework for the UCBs, as a graded approach, based on their digital depth and interconnectedness with the payment systems landscape, digital products offered by them and assessment of cyber security risk. The framework would mandate implementation of progressively stronger security measures based on the nature, variety and scale of digital product offerings of banks.;556712931248;us-east-1;2025-07-17 15:56:06.890534;annex_i_7_1;Disallow administrative rights on end-user workstations/PCs/laptops and provide access rights on a ‘need to know’ and ‘need to do’ basis.;;;;iam;;PASS;Root account does not have access keys.;arn:aws:iam::556712931248:root;iam_no_root_access_key;False;<root_account>
aws;The Reserve Bank had prescribed a set of baseline cyber security controls for primary (Urban) cooperative banks (UCBs) in October 2018. On further examination, it has been decided to prescribe a comprehensive cyber security framework for the UCBs, as a graded approach, based on their digital depth and interconnectedness with the payment systems landscape, digital products offered by them and assessment of cyber security risk. The framework would mandate implementation of progressively stronger security measures based on the nature, variety and scale of digital product offerings of banks.;556712931248;us-east-1;2025-07-17 15:56:06.890534;annex_i_7_2;Passwords should be set as complex and lengthy and users should not use same passwords for all the applications/systems/devices.;;;;iam;;FAIL;IAM password policy reuse prevention is less than 24 or not set.;arn:aws:iam:us-east-1:556712931248:password-policy;iam_password_policy_reuse_24;False;556712931248
aws;The Reserve Bank had prescribed a set of baseline cyber security controls for primary (Urban) cooperative banks (UCBs) in October 2018. On further examination, it has been decided to prescribe a comprehensive cyber security framework for the UCBs, as a graded approach, based on their digital depth and interconnectedness with the payment systems landscape, digital products offered by them and assessment of cyber security risk. The framework would mandate implementation of progressively stronger security measures based on the nature, variety and scale of digital product offerings of banks.;556712931248;us-east-1;2025-07-17 15:56:06.890534;annex_i_7_1;Disallow administrative rights on end-user workstations/PCs/laptops and provide access rights on a ‘need to know’ and ‘need to do’ basis.;;;;iam;;FAIL;User cli-security-audit has the policy SecurityAudit attached.;arn:aws:iam::556712931248:user/cli-security-audit;iam_policy_attached_only_to_group_or_roles;False;cli-security-audit/SecurityAudit
aws;The Reserve Bank had prescribed a set of baseline cyber security controls for primary (Urban) cooperative banks (UCBs) in October 2018. On further examination, it has been decided to prescribe a comprehensive cyber security framework for the UCBs, as a graded approach, based on their digital depth and interconnectedness with the payment systems landscape, digital products offered by them and assessment of cyber security risk. The framework would mandate implementation of progressively stronger security measures based on the nature, variety and scale of digital product offerings of banks.;556712931248;us-east-1;2025-07-17 15:56:06.890534;annex_i_1_1;UCBs should maintain an up-to-date business IT Asset Inventory Register containing the following fields, as a minimum: a) Details of the IT Asset (viz., hardware/software/network devices, key personnel, services, etc.), b. Details of systems where customer data are stored, c. Associated business applications, if any, d. Criticality of the IT asset (For example, High/Medium/Low).;;;;aws;;FAIL;AWS Organizations is not in-use for this AWS Account.;arn:aws:organizations::556712931248:unknown;organizations_account_part_of_organizations;False;unknown
aws;The Reserve Bank had prescribed a set of baseline cyber security controls for primary (Urban) cooperative banks (UCBs) in October 2018. On further examination, it has been decided to prescribe a comprehensive cyber security framework for the UCBs, as a graded approach, based on their digital depth and interconnectedness with the payment systems landscape, digital products offered by them and assessment of cyber security risk. The framework would mandate implementation of progressively stronger security measures based on the nature, variety and scale of digital product offerings of banks.;556712931248;us-east-1;2025-07-17 15:56:06.890534;annex_i_1_3;Appropriately manage and provide protection within and outside UCB/network, keeping in mind how the data/information is stored, transmitted, processed, accessed and put to use within/outside the UCB’s network, and level of risk they are exposed to depending on the sensitivity of the data/information.;;;;aws;;FAIL;Block Public Access is not configured for the account 556712931248.;arn:aws:s3:us-east-1:556712931248:account;s3_account_level_public_access_blocks;False;556712931248
aws;The Reserve Bank had prescribed a set of baseline cyber security controls for primary (Urban) cooperative banks (UCBs) in October 2018. On further examination, it has been decided to prescribe a comprehensive cyber security framework for the UCBs, as a graded approach, based on their digital depth and interconnectedness with the payment systems landscape, digital products offered by them and assessment of cyber security risk. The framework would mandate implementation of progressively stronger security measures based on the nature, variety and scale of digital product offerings of banks.;556712931248;us-east-1;2025-07-17 15:56:06.890534;annex_i_1_3;Appropriately manage and provide protection within and outside UCB/network, keeping in mind how the data/information is stored, transmitted, processed, accessed and put to use within/outside the UCB’s network, and level of risk they are exposed to depending on the sensitivity of the data/information.;;;;aws;;PASS;S3 Bucket shop-customer-data has Server Side Encryption with AES256.;arn:aws:s3:::shop-customer-data;s3_bucket_default_encryption;False;shop-customer-data
aws;The Reserve Bank had prescribed a set of baseline cyber security controls for primary (Urban) cooperative banks (UCBs) in October 2018. On further examination, it has been decided to prescribe a comprehensive cyber security framework for the UCBs, as a graded approach, based on their digital depth and interconnectedness with the payment systems landscape, digital products offered by them and assessment of cyber security risk. The framework would mandate implementation of progressively stronger security measures based on the nature, variety and scale of digital product offerings of banks.;556712931248;us-east-1;2025-07-17 15:56:06.890534;annex_i_12;Take periodic back up of the important data and store this data ‘off line’ (i.e., transferring important files to a storage device that can be detached from a computer/system after copying all the files).;;;;aws;;FAIL;S3 Bucket shop-customer-data has versioning disabled.;arn:aws:s3:::shop-customer-data;s3_bucket_object_versioning;False;shop-customer-data
aws;The Reserve Bank had prescribed a set of baseline cyber security controls for primary (Urban) cooperative banks (UCBs) in October 2018. On further examination, it has been decided to prescribe a comprehensive cyber security framework for the UCBs, as a graded approach, based on their digital depth and interconnectedness with the payment systems landscape, digital products offered by them and assessment of cyber security risk. The framework would mandate implementation of progressively stronger security measures based on the nature, variety and scale of digital product offerings of banks.;556712931248;us-east-1;2025-07-17 15:56:06.890534;annex_i_1_3;Appropriately manage and provide protection within and outside UCB/network, keeping in mind how the data/information is stored, transmitted, processed, accessed and put to use within/outside the UCB’s network, and level of risk they are exposed to depending on the sensitivity of the data/information.;;;;aws;;PASS;S3 Bucket shop-customer-data does not have a bucket policy.;arn:aws:s3:::shop-customer-data;s3_bucket_policy_public_write_access;False;shop-customer-data
aws;The Reserve Bank had prescribed a set of baseline cyber security controls for primary (Urban) cooperative banks (UCBs) in October 2018. On further examination, it has been decided to prescribe a comprehensive cyber security framework for the UCBs, as a graded approach, based on their digital depth and interconnectedness with the payment systems landscape, digital products offered by them and assessment of cyber security risk. The framework would mandate implementation of progressively stronger security measures based on the nature, variety and scale of digital product offerings of banks.;556712931248;us-east-1;2025-07-17 15:56:06.890534;annex_i_1_3;Appropriately manage and provide protection within and outside UCB/network, keeping in mind how the data/information is stored, transmitted, processed, accessed and put to use within/outside the UCB’s network, and level of risk they are exposed to depending on the sensitivity of the data/information.;;;;aws;;PASS;S3 Bucket shop-customer-data is not public.;arn:aws:s3:::shop-customer-data;s3_bucket_public_access;False;shop-customer-data
aws;The Reserve Bank had prescribed a set of baseline cyber security controls for primary (Urban) cooperative banks (UCBs) in October 2018. On further examination, it has been decided to prescribe a comprehensive cyber security framework for the UCBs, as a graded approach, based on their digital depth and interconnectedness with the payment systems landscape, digital products offered by them and assessment of cyber security risk. The framework would mandate implementation of progressively stronger security measures based on the nature, variety and scale of digital product offerings of banks.;556712931248;us-east-1;2025-07-17 15:56:06.890534;annex_i_1_3;Appropriately manage and provide protection within and outside UCB/network, keeping in mind how the data/information is stored, transmitted, processed, accessed and put to use within/outside the UCB’s network, and level of risk they are exposed to depending on the sensitivity of the data/information.;;;;aws;;FAIL;S3 Bucket shop-customer-data does not have a bucket policy, thus it allows HTTP requests.;arn:aws:s3:::shop-customer-data;s3_bucket_secure_transport_policy;False;shop-customer-data
aws;The Reserve Bank had prescribed a set of baseline cyber security controls for primary (Urban) cooperative banks (UCBs) in October 2018. On further examination, it has been decided to prescribe a comprehensive cyber security framework for the UCBs, as a graded approach, based on their digital depth and interconnectedness with the payment systems landscape, digital products offered by them and assessment of cyber security risk. The framework would mandate implementation of progressively stronger security measures based on the nature, variety and scale of digital product offerings of banks.;556712931248;us-east-1;2025-07-17 15:56:06.890534;annex_i_7_4;Implement appropriate (e.g. centralised) systems and controls to allow, manage, log and monitor privileged/super user/administrative access to critical systems (servers/databases, applications, network devices etc.);;;;aws;;FAIL;S3 Bucket shop-customer-data has server access logging disabled.;arn:aws:s3:::shop-customer-data;s3_bucket_server_access_logging_enabled;False;shop-customer-data
aws;The Reserve Bank had prescribed a set of baseline cyber security controls for primary (Urban) cooperative banks (UCBs) in October 2018. On further examination, it has been decided to prescribe a comprehensive cyber security framework for the UCBs, as a graded approach, based on their digital depth and interconnectedness with the payment systems landscape, digital products offered by them and assessment of cyber security risk. The framework would mandate implementation of progressively stronger security measures based on the nature, variety and scale of digital product offerings of banks.;556712931248;ap-northeast-1;2025-07-17 15:56:06.890534;annex_i_7_4;Implement appropriate (e.g. centralised) systems and controls to allow, manage, log and monitor privileged/super user/administrative access to critical systems (servers/databases, applications, network devices etc.);;;;aws;;FAIL;Security Hub is not enabled.;arn:aws:securityhub:ap-northeast-1:556712931248:hub/unknown;securityhub_enabled;False;hub/unknown
aws;The Reserve Bank had prescribed a set of baseline cyber security controls for primary (Urban) cooperative banks (UCBs) in October 2018. On further examination, it has been decided to prescribe a comprehensive cyber security framework for the UCBs, as a graded approach, based on their digital depth and interconnectedness with the payment systems landscape, digital products offered by them and assessment of cyber security risk. The framework would mandate implementation of progressively stronger security measures based on the nature, variety and scale of digital product offerings of banks.;556712931248;ap-northeast-2;2025-07-17 15:56:06.890534;annex_i_7_4;Implement appropriate (e.g. centralised) systems and controls to allow, manage, log and monitor privileged/super user/administrative access to critical systems (servers/databases, applications, network devices etc.);;;;aws;;FAIL;Security Hub is not enabled.;arn:aws:securityhub:ap-northeast-2:556712931248:hub/unknown;securityhub_enabled;False;hub/unknown
aws;The Reserve Bank had prescribed a set of baseline cyber security controls for primary (Urban) cooperative banks (UCBs) in October 2018. On further examination, it has been decided to prescribe a comprehensive cyber security framework for the UCBs, as a graded approach, based on their digital depth and interconnectedness with the payment systems landscape, digital products offered by them and assessment of cyber security risk. The framework would mandate implementation of progressively stronger security measures based on the nature, variety and scale of digital product offerings of banks.;556712931248;ap-northeast-3;2025-07-17 15:56:06.890534;annex_i_7_4;Implement appropriate (e.g. centralised) systems and controls to allow, manage, log and monitor privileged/super user/administrative access to critical systems (servers/databases, applications, network devices etc.);;;;aws;;FAIL;Security Hub is not enabled.;arn:aws:securityhub:ap-northeast-3:556712931248:hub/unknown;securityhub_enabled;False;hub/unknown
aws;The Reserve Bank had prescribed a set of baseline cyber security controls for primary (Urban) cooperative banks (UCBs) in October 2018. On further examination, it has been decided to prescribe a comprehensive cyber security framework for the UCBs, as a graded approach, based on their digital depth and interconnectedness with the payment systems landscape, digital products offered by them and assessment of cyber security risk. The framework would mandate implementation of progressively stronger security measures based on the nature, variety and scale of digital product offerings of banks.;556712931248;ap-south-1;2025-07-17 15:56:06.890534;annex_i_7_4;Implement appropriate (e.g. centralised) systems and controls to allow, manage, log and monitor privileged/super user/administrative access to critical systems (servers/databases, applications, network devices etc.);;;;aws;;FAIL;Security Hub is not enabled.;arn:aws:securityhub:ap-south-1:556712931248:hub/unknown;securityhub_enabled;False;hub/unknown
aws;The Reserve Bank had prescribed a set of baseline cyber security controls for primary (Urban) cooperative banks (UCBs) in October 2018. On further examination, it has been decided to prescribe a comprehensive cyber security framework for the UCBs, as a graded approach, based on their digital depth and interconnectedness with the payment systems landscape, digital products offered by them and assessment of cyber security risk. The framework would mandate implementation of progressively stronger security measures based on the nature, variety and scale of digital product offerings of banks.;556712931248;ap-southeast-1;2025-07-17 15:56:06.890534;annex_i_7_4;Implement appropriate (e.g. centralised) systems and controls to allow, manage, log and monitor privileged/super user/administrative access to critical systems (servers/databases, applications, network devices etc.);;;;aws;;FAIL;Security Hub is not enabled.;arn:aws:securityhub:ap-southeast-1:556712931248:hub/unknown;securityhub_enabled;False;hub/unknown
aws;The Reserve Bank had prescribed a set of baseline cyber security controls for primary (Urban) cooperative banks (UCBs) in October 2018. On further examination, it has been decided to prescribe a comprehensive cyber security framework for the UCBs, as a graded approach, based on their digital depth and interconnectedness with the payment systems landscape, digital products offered by them and assessment of cyber security risk. The framework would mandate implementation of progressively stronger security measures based on the nature, variety and scale of digital product offerings of banks.;556712931248;ap-southeast-2;2025-07-17 15:56:06.890534;annex_i_7_4;Implement appropriate (e.g. centralised) systems and controls to allow, manage, log and monitor privileged/super user/administrative access to critical systems (servers/databases, applications, network devices etc.);;;;aws;;FAIL;Security Hub is not enabled.;arn:aws:securityhub:ap-southeast-2:556712931248:hub/unknown;securityhub_enabled;False;hub/unknown
aws;The Reserve Bank had prescribed a set of baseline cyber security controls for primary (Urban) cooperative banks (UCBs) in October 2018. On further examination, it has been decided to prescribe a comprehensive cyber security framework for the UCBs, as a graded approach, based on their digital depth and interconnectedness with the payment systems landscape, digital products offered by them and assessment of cyber security risk. The framework would mandate implementation of progressively stronger security measures based on the nature, variety and scale of digital product offerings of banks.;556712931248;ca-central-1;2025-07-17 15:56:06.890534;annex_i_7_4;Implement appropriate (e.g. centralised) systems and controls to allow, manage, log and monitor privileged/super user/administrative access to critical systems (servers/databases, applications, network devices etc.);;;;aws;;FAIL;Security Hub is not enabled.;arn:aws:securityhub:ca-central-1:556712931248:hub/unknown;securityhub_enabled;False;hub/unknown
aws;The Reserve Bank had prescribed a set of baseline cyber security controls for primary (Urban) cooperative banks (UCBs) in October 2018. On further examination, it has been decided to prescribe a comprehensive cyber security framework for the UCBs, as a graded approach, based on their digital depth and interconnectedness with the payment systems landscape, digital products offered by them and assessment of cyber security risk. The framework would mandate implementation of progressively stronger security measures based on the nature, variety and scale of digital product offerings of banks.;556712931248;eu-central-1;2025-07-17 15:56:06.890534;annex_i_7_4;Implement appropriate (e.g. centralised) systems and controls to allow, manage, log and monitor privileged/super user/administrative access to critical systems (servers/databases, applications, network devices etc.);;;;aws;;FAIL;Security Hub is not enabled.;arn:aws:securityhub:eu-central-1:556712931248:hub/unknown;securityhub_enabled;False;hub/unknown
aws;The Reserve Bank had prescribed a set of baseline cyber security controls for primary (Urban) cooperative banks (UCBs) in October 2018. On further examination, it has been decided to prescribe a comprehensive cyber security framework for the UCBs, as a graded approach, based on their digital depth and interconnectedness with the payment systems landscape, digital products offered by them and assessment of cyber security risk. The framework would mandate implementation of progressively stronger security measures based on the nature, variety and scale of digital product offerings of banks.;556712931248;eu-north-1;2025-07-17 15:56:06.890534;annex_i_7_4;Implement appropriate (e.g. centralised) systems and controls to allow, manage, log and monitor privileged/super user/administrative access to critical systems (servers/databases, applications, network devices etc.);;;;aws;;FAIL;Security Hub is not enabled.;arn:aws:securityhub:eu-north-1:556712931248:hub/unknown;securityhub_enabled;False;hub/unknown
aws;The Reserve Bank had prescribed a set of baseline cyber security controls for primary (Urban) cooperative banks (UCBs) in October 2018. On further examination, it has been decided to prescribe a comprehensive cyber security framework for the UCBs, as a graded approach, based on their digital depth and interconnectedness with the payment systems landscape, digital products offered by them and assessment of cyber security risk. The framework would mandate implementation of progressively stronger security measures based on the nature, variety and scale of digital product offerings of banks.;556712931248;eu-west-1;2025-07-17 15:56:06.890534;annex_i_7_4;Implement appropriate (e.g. centralised) systems and controls to allow, manage, log and monitor privileged/super user/administrative access to critical systems (servers/databases, applications, network devices etc.);;;;aws;;FAIL;Security Hub is not enabled.;arn:aws:securityhub:eu-west-1:556712931248:hub/unknown;securityhub_enabled;False;hub/unknown
aws;The Reserve Bank had prescribed a set of baseline cyber security controls for primary (Urban) cooperative banks (UCBs) in October 2018. On further examination, it has been decided to prescribe a comprehensive cyber security framework for the UCBs, as a graded approach, based on their digital depth and interconnectedness with the payment systems landscape, digital products offered by them and assessment of cyber security risk. The framework would mandate implementation of progressively stronger security measures based on the nature, variety and scale of digital product offerings of banks.;556712931248;eu-west-2;2025-07-17 15:56:06.890534;annex_i_7_4;Implement appropriate (e.g. centralised) systems and controls to allow, manage, log and monitor privileged/super user/administrative access to critical systems (servers/databases, applications, network devices etc.);;;;aws;;FAIL;Security Hub is not enabled.;arn:aws:securityhub:eu-west-2:556712931248:hub/unknown;securityhub_enabled;False;hub/unknown
aws;The Reserve Bank had prescribed a set of baseline cyber security controls for primary (Urban) cooperative banks (UCBs) in October 2018. On further examination, it has been decided to prescribe a comprehensive cyber security framework for the UCBs, as a graded approach, based on their digital depth and interconnectedness with the payment systems landscape, digital products offered by them and assessment of cyber security risk. The framework would mandate implementation of progressively stronger security measures based on the nature, variety and scale of digital product offerings of banks.;556712931248;eu-west-3;2025-07-17 15:56:06.890534;annex_i_7_4;Implement appropriate (e.g. centralised) systems and controls to allow, manage, log and monitor privileged/super user/administrative access to critical systems (servers/databases, applications, network devices etc.);;;;aws;;FAIL;Security Hub is not enabled.;arn:aws:securityhub:eu-west-3:556712931248:hub/unknown;securityhub_enabled;False;hub/unknown
aws;The Reserve Bank had prescribed a set of baseline cyber security controls for primary (Urban) cooperative banks (UCBs) in October 2018. On further examination, it has been decided to prescribe a comprehensive cyber security framework for the UCBs, as a graded approach, based on their digital depth and interconnectedness with the payment systems landscape, digital products offered by them and assessment of cyber security risk. The framework would mandate implementation of progressively stronger security measures based on the nature, variety and scale of digital product offerings of banks.;556712931248;sa-east-1;2025-07-17 15:56:06.890534;annex_i_7_4;Implement appropriate (e.g. centralised) systems and controls to allow, manage, log and monitor privileged/super user/administrative access to critical systems (servers/databases, applications, network devices etc.);;;;aws;;FAIL;Security Hub is not enabled.;arn:aws:securityhub:sa-east-1:556712931248:hub/unknown;securityhub_enabled;False;hub/unknown
aws;The Reserve Bank had prescribed a set of baseline cyber security controls for primary (Urban) cooperative banks (UCBs) in October 2018. On further examination, it has been decided to prescribe a comprehensive cyber security framework for the UCBs, as a graded approach, based on their digital depth and interconnectedness with the payment systems landscape, digital products offered by them and assessment of cyber security risk. The framework would mandate implementation of progressively stronger security measures based on the nature, variety and scale of digital product offerings of banks.;556712931248;us-east-1;2025-07-17 15:56:06.890534;annex_i_7_4;Implement appropriate (e.g. centralised) systems and controls to allow, manage, log and monitor privileged/super user/administrative access to critical systems (servers/databases, applications, network devices etc.);;;;aws;;FAIL;Security Hub is not enabled.;arn:aws:securityhub:us-east-1:556712931248:hub/unknown;securityhub_enabled;False;hub/unknown
aws;The Reserve Bank had prescribed a set of baseline cyber security controls for primary (Urban) cooperative banks (UCBs) in October 2018. On further examination, it has been decided to prescribe a comprehensive cyber security framework for the UCBs, as a graded approach, based on their digital depth and interconnectedness with the payment systems landscape, digital products offered by them and assessment of cyber security risk. The framework would mandate implementation of progressively stronger security measures based on the nature, variety and scale of digital product offerings of banks.;556712931248;us-east-2;2025-07-17 15:56:06.890534;annex_i_7_4;Implement appropriate (e.g. centralised) systems and controls to allow, manage, log and monitor privileged/super user/administrative access to critical systems (servers/databases, applications, network devices etc.);;;;aws;;FAIL;Security Hub is not enabled.;arn:aws:securityhub:us-east-2:556712931248:hub/unknown;securityhub_enabled;False;hub/unknown
aws;The Reserve Bank had prescribed a set of baseline cyber security controls for primary (Urban) cooperative banks (UCBs) in October 2018. On further examination, it has been decided to prescribe a comprehensive cyber security framework for the UCBs, as a graded approach, based on their digital depth and interconnectedness with the payment systems landscape, digital products offered by them and assessment of cyber security risk. The framework would mandate implementation of progressively stronger security measures based on the nature, variety and scale of digital product offerings of banks.;556712931248;us-west-1;2025-07-17 15:56:06.890534;annex_i_7_4;Implement appropriate (e.g. centralised) systems and controls to allow, manage, log and monitor privileged/super user/administrative access to critical systems (servers/databases, applications, network devices etc.);;;;aws;;FAIL;Security Hub is not enabled.;arn:aws:securityhub:us-west-1:556712931248:hub/unknown;securityhub_enabled;False;hub/unknown
aws;The Reserve Bank had prescribed a set of baseline cyber security controls for primary (Urban) cooperative banks (UCBs) in October 2018. On further examination, it has been decided to prescribe a comprehensive cyber security framework for the UCBs, as a graded approach, based on their digital depth and interconnectedness with the payment systems landscape, digital products offered by them and assessment of cyber security risk. The framework would mandate implementation of progressively stronger security measures based on the nature, variety and scale of digital product offerings of banks.;556712931248;us-west-2;2025-07-17 15:56:06.890534;annex_i_7_4;Implement appropriate (e.g. centralised) systems and controls to allow, manage, log and monitor privileged/super user/administrative access to critical systems (servers/databases, applications, network devices etc.);;;;aws;;FAIL;Security Hub is not enabled.;arn:aws:securityhub:us-west-2:556712931248:hub/unknown;securityhub_enabled;False;hub/unknown
aws;The Reserve Bank had prescribed a set of baseline cyber security controls for primary (Urban) cooperative banks (UCBs) in October 2018. On further examination, it has been decided to prescribe a comprehensive cyber security framework for the UCBs, as a graded approach, based on their digital depth and interconnectedness with the payment systems landscape, digital products offered by them and assessment of cyber security risk. The framework would mandate implementation of progressively stronger security measures based on the nature, variety and scale of digital product offerings of banks.;556712931248;us-east-1;2025-07-17 15:56:06.890534;annex_i_7_4;Implement appropriate (e.g. centralised) systems and controls to allow, manage, log and monitor privileged/super user/administrative access to critical systems (servers/databases, applications, network devices etc.);;;;aws;;FAIL;VPC vpc-0f5f688f1ba814bf0 Flow logs are disabled.;arn:aws:ec2:us-east-1:556712931248:vpc/vpc-0f5f688f1ba814bf0;vpc_flow_logs_enabled;False;vpc-0f5f688f1ba814bf0
aws;The Reserve Bank had prescribed a set of baseline cyber security controls for primary (Urban) cooperative banks (UCBs) in October 2018. On further examination, it has been decided to prescribe a comprehensive cyber security framework for the UCBs, as a graded approach, based on their digital depth and interconnectedness with the payment systems landscape, digital products offered by them and assessment of cyber security risk. The framework would mandate implementation of progressively stronger security measures based on the nature, variety and scale of digital product offerings of banks.;556712931248;us-east-1;2025-07-17 15:56:06.890534;annex_i_1_3;Appropriately manage and provide protection within and outside UCB/network, keeping in mind how the data/information is stored, transmitted, processed, accessed and put to use within/outside the UCB’s network, and level of risk they are exposed to depending on the sensitivity of the data/information.;;;;aws;;FAIL;VPC subnet subnet-0c75dd4aaaffb7e4c assigns public IP by default.;arn:aws:ec2:us-east-1:556712931248:subnet/subnet-0c75dd4aaaffb7e4c;vpc_subnet_no_public_ip_by_default;False;subnet-0c75dd4aaaffb7e4c
